fema_declaration_string,disaster_number,state,declaration_type,declaration_date,fy_declared,incident_type,declaration_title,ih_program_declared,ia_program_declared,pa_program_declared,hm_program_declared,incident_begin_date,incident_end_date,disaster_closeout_date,fips,place_code,designated_area,declaration_request_number,last_ia_filing_date,last_refresh,hash,id,county,county_ascii,county_full,state_name,lat,lng,population,total_risk,Minimum Elevation,Mean Elevation
EM-3212-LA,3212,LA,EM,2005-08-27T00:00:00Z,2005,Hurricane,Hurricane Katrina,0,0,1,0,2005-08-26T00:00:00Z,2005-11-01T00:00:00Z,2010-09-22T00:00:00Z,22001,99001,Acadia (Parish),5078,,2023-03-18T13:22:03Z,f82e5a514f24819b8bd766770362bcc45be866f7,e8628e5b-6c37-469f-abd5-39d6a4239269,Acadia,Acadia,Acadia Parish,Louisiana,30.2906,-92.412,57674.0,5,1,8.29319371728
EM-3212-LA,3212,LA,EM,2005-08-27T00:00:00Z,2005,Hurricane,Hurricane Katrina,0,0,1,0,2005-08-26T00:00:00Z,2005-11-01T00:00:00Z,2010-09-22T00:00:00Z,22003,99003,Allen (Parish),5078,,2023-03-18T13:22:03Z,977a79ea6021f0ee8621a4626a71dfa82016be33,5148ea65-760f-4c1a-9455-43de6d5e4e3f,Allen,Allen,Allen Parish,Louisiana,30.653,-92.828,22798.0,3,8,23.5970982143
EM-3212-LA,3212,LA,EM,2005-08-27T00:00:00Z,2005,Hurricane,Hurricane Katrina,0,0,1,0,2005-08-26T00:00:00Z,2005-11-01T00:00:00Z,2010-09-22T00:00:00Z,22005,99005,Ascension (Parish),5078,,2023-03-18T13:22:03Z,7b5420b6ecfcc8e297432afbff2230ea9d21d66b,801514c8-6045-48a4-96b4-aa24f495dc68,Ascension,Ascension,Ascension Parish,Louisiana,30.2036,-90.9113,126973.0,3,1,2.625574977
EM-3212-LA,3212,LA,EM,2005-08-27T00:00:00Z,2005,Hurricane,Hurricane Katrina,0,0,1,0,2005-08-26T00:00:00Z,2005-11-01T00:00:00Z,2010-09-22T00:00:00Z,22007,99007,Assumption (Parish),5078,,2023-03-18T13:22:03Z,96e31807b0737093df0da972f2c3260cfffd8a2b,40daccbb-2e72-4116-8182-054bfc060137,Assumption,Assumption,Assumption Parish,Louisiana,29.9024,-91.0608,21067.0,3,1,1.53255813953
EM-3212-LA,3212,LA,EM,2005-08-27T00:00:00Z,2005,Hurricane,Hurricane Katrina,0,0,1,0,2005-08-26T00:00:00Z,2005-11-01T00:00:00Z,2010-09-22T00:00:00Z,22009,99009,Avoyelles (Parish),5078,,2023-03-18T13:22:03Z,aa20e6459e5f6d95fa979d1b4308605392815616,5b95f5e8-f126-45c5-ad5b-3cff13ced628,Avoyelles,Avoyelles,Avoyelles Parish,Louisiana,31.0763,-92.0014,39529.0,5,3,14.1803870121
EM-3212-LA,3212,LA,EM,2005-08-27T00:00:00Z,2005,Hurricane,Hurricane Katrina,0,0,1,0,2005-08-26T00:00:00Z,2005-11-01T00:00:00Z,2010-09-22T00:00:00Z,22011,99011,Beauregard (Parish),5078,,2023-03-18T13:22:03Z,b272e70eebf7e19957c28b276de78ef52f21abbc,42d7768e-6cd9-4e80-bc77-eec70b5f8f54,Beauregard,Beauregard,Beauregard Parish,Louisiana,30.6486,-93.3432,36553.0,2,7,34.6474592755
EM-3212-LA,3212,LA,EM,2005-08-27T00:00:00Z,2005,Hurricane,Hurricane Katrina,0,0,1,0,2005-08-26T00:00:00Z,2005-11-01T00:00:00Z,2010-09-22T00:00:00Z,22013,99013,Bienville (Parish),5078,,2023-03-18T13:22:03Z,d629dbadc643ed86241bed4212b476743f6836fb,2de6081f-496f-47e8-80ac-c22efd69712c,Bienville,Bienville,Bienville Parish,Louisiana,32.3473,-93.0561,12958.0,2,36,73.3743994509
EM-3212-LA,3212,LA,EM,2005-08-27T00:00:00Z,2005,Hurricane,Hurricane Katrina,0,0,1,0,2005-08-26T00:00:00Z,2005-11-01T00:00:00Z,2010-09-22T00:00:00Z,22015,99015,Bossier (Parish),5078,,2023-03-18T13:22:03Z,4b4e40fa9c1588e771d10f8feea3ec7d59caac41,bbfee14f-d1cd-4f55-8cda-591471835f76,Bossier,Bossier,Bossier Parish,Louisiana,32.6784,-93.6049,128877.0,1,39,63.6019726376
EM-3212-LA,3212,LA,EM,2005-08-27T00:00:00Z,2005,Hurricane,Hurricane Katrina,0,0,1,0,2005-08-26T00:00:00Z,2005-11-01T00:00:00Z,2010-09-22T00:00:00Z,22017,99017,Caddo (Parish),5078,,2023-03-18T13:22:03Z,9d33282570ad51d19c74c7ea621bc520d08a806c,c1a5cd9e-ac15-49ce-8243-f6bd9bca9875,Caddo,Caddo,Caddo Parish,Louisiana,32.5806,-93.8823,236259.0,2,36,64.6666666667
EM-3212-LA,3212,LA,EM,2005-08-27T00:00:00Z,2005,Hurricane,Hurricane Katrina,0,0,1,0,2005-08-26T00:00:00Z,2005-11-01T00:00:00Z,2010-09-22T00:00:00Z,22019,99019,Calcasieu (Parish),5078,,2023-03-18T13:22:03Z,827ad9277f2e4b4d060507e7e2dd0d0637f81a35,f8062cef-4f27-407a-b6ca-786272a40a22,Calcasieu,Calcasieu,Calcasieu Parish,Louisiana,30.2293,-93.3581,210770.0,3,1,5.27128921698
EM-3212-LA,3212,LA,EM,2005-08-27T00:00:00Z,2005,Hurricane,Hurricane Katrina,0,0,1,0,2005-08-26T00:00:00Z,2005-11-01T00:00:00Z,2010-09-22T00:00:00Z,22021,99021,Caldwell (Parish),5078,,2023-03-18T13:22:03Z,9ac0b10e21ebc9833e8fe5b4fea3f711e07b67e7,8cbf963e-3c3c-4a7a-85ff-33d9096a79bd,Caldwell,Caldwell,Caldwell Parish,Louisiana,32.0925,-92.1166,9658.0,3,7,36.314344899
EM-3212-LA,3212,LA,EM,2005-08-27T00:00:00Z,2005,Hurricane,Hurricane Katrina,0,0,1,0,2005-08-26T00:00:00Z,2005-11-01T00:00:00Z,2010-09-22T00:00:00Z,22023,99023,Cameron (Parish),5078,,2023-03-18T13:22:03Z,3c0e43ad68719322f702c9093f85036c20230057,150f2468-9491-4eaa-bb78-985bbc08a6ce,Cameron,Cameron,Cameron Parish,Louisiana,29.8754,-93.1937,5447.0,0,0,1.018972615
EM-3212-LA,3212,LA,EM,2005-08-27T00:00:00Z,2005,Hurricane,Hurricane Katrina,0,0,1,0,2005-08-26T00:00:00Z,2005-11-01T00:00:00Z,2010-09-22T00:00:00Z,22025,99025,Catahoula (Parish),5078,,2023-03-18T13:22:03Z,c2d4b595e8f3f376bfedc99e49de0a1b50273dbb,d259a910-ff81-4fac-8ea9-26edc3d458c0,Catahoula,Catahoula,Catahoula Parish,Louisiana,31.6662,-91.847,8895.0,3,4,20.5482553823
EM-3212-LA,3212,LA,EM,2005-08-27T00:00:00Z,2005,Hurricane,Hurricane Katrina,0,0,1,0,2005-08-26T00:00:00Z,2005-11-01T00:00:00Z,2010-09-22T00:00:00Z,22027,99027,Claiborne (Parish),5078,,2023-03-18T13:22:03Z,13b31bbc9af3d6ec21400138c3396fa9e13cc039,2820fbe8-3a55-4f43-a79f-7d8df9cf5e8e,Claiborne,Claiborne,Claiborne Parish,Louisiana,32.8227,-92.9958,14203.0,5,30,80.6564638099
EM-3212-LA,3212,LA,EM,2005-08-27T00:00:00Z,2005,Hurricane,Hurricane Katrina,0,0,1,0,2005-08-26T00:00:00Z,2005-11-01T00:00:00Z,2010-09-22T00:00:00Z,22029,99029,Concordia (Parish),5078,,2023-03-18T13:22:03Z,c192f7b2583a343505060ba5201d55bcfcbd27ed,786912c5-a5ec-449d-802a-c9caa3d4f9cf,Concordia,Concordia,Concordia Parish,Louisiana,31.4459,-91.6401,18677.0,5,3,13.5509736541
EM-3212-LA,3212,LA,EM,2005-08-27T00:00:00Z,2005,Hurricane,Hurricane Katrina,0,0,1,0,2005-08-26T00:00:00Z,2005-11-01T00:00:00Z,2010-09-22T00:00:00Z,22031,99031,De Soto (Parish),5078,,2023-03-18T13:22:03Z,241e6606f8bc1d36f6ea85a58bf2987e50c7176f,e1d0296d-7676-4dfa-a33f-0597cf4933d5,De Soto,De Soto,De Soto Parish,Louisiana,32.0554,-93.7373,26821.0,5,36,73.089915704
EM-3212-LA,3212,LA,EM,2005-08-27T00:00:00Z,2005,Hurricane,Hurricane Katrina,0,0,1,0,2005-08-26T00:00:00Z,2005-11-01T00:00:00Z,2010-09-22T00:00:00Z,22033,99033,East Baton Rouge (Parish),5078,,2023-03-18T13:22:03Z,e98fd4a36e0eca2917a0651d745b3c46380a0b47,3774bc9d-9b9e-4f8d-a631-793e81a660ac,East Baton Rouge,East Baton Rouge,East Baton Rouge Parish,Louisiana,30.5383,-91.0956,454369.0,0,1,17.9220858896
EM-3212-LA,3212,LA,EM,2005-08-27T00:00:00Z,2005,Hurricane,Hurricane Katrina,0,0,1,0,2005-08-26T00:00:00Z,2005-11-01T00:00:00Z,2010-09-22T00:00:00Z,22035,99035,East Carroll (Parish),5078,,2023-03-18T13:22:03Z,68a491a66524c55e5644e5c21cca405cab0e4795,0dc599f5-e5b8-4f91-9ade-a7fa10ef395b,East Carroll,East Carroll,East Carroll Parish,Louisiana,32.7325,-91.235,7371.0,4,19,26.4879441624
EM-3212-LA,3212,LA,EM,2005-08-27T00:00:00Z,2005,Hurricane,Hurricane Katrina,0,0,1,0,2005-08-26T00:00:00Z,2005-11-01T00:00:00Z,2010-09-22T00:00:00Z,22037,99037,East Feliciana (Parish),5078,,2023-03-18T13:22:03Z,71e4db24d2c3b106da7f65c18768f7f3687290a0,575e63bf-4cdd-4233-860e-fe1f8edcab54,East Feliciana,East Feliciana,East Feliciana Parish,Louisiana,30.8451,-91.0455,19452.0,2,1,60.031466331
EM-3212-LA,3212,LA,EM,2005-08-27T00:00:00Z,2005,Hurricane,Hurricane Katrina,0,0,1,0,2005-08-26T00:00:00Z,2005-11-01T00:00:00Z,2010-09-22T00:00:00Z,22039,99039,Evangeline (Parish),5078,,2023-03-18T13:22:03Z,22b1e9eb0885bc24ad4e924cf6dd3002c2bcde00,4d789c9b-a65d-4161-96f9-e897f44a2ce1,Evangeline,Evangeline,Evangeline Parish,Louisiana,30.7289,-92.4059,32335.0,3,11,20.9918103448
EM-3212-LA,3212,LA,EM,2005-08-27T00:00:00Z,2005,Hurricane,Hurricane Katrina,0,0,1,0,2005-08-26T00:00:00Z,2005-11-01T00:00:00Z,2010-09-22T00:00:00Z,22041,99041,Franklin (Parish),5078,,2023-03-18T13:22:03Z,b1d41f0ae2b786f39dddf0adb01f3c4031b235df,293d6e5b-b124-4460-bff9-19b1da3cdaf6,Franklin,Franklin,Franklin Parish,Louisiana,32.1333,-91.6738,19752.0,1,12,20.1341248901
EM-3212-LA,3212,LA,EM,2005-08-27T00:00:00Z,2005,Hurricane,Hurricane Katrina,0,0,1,0,2005-08-26T00:00:00Z,2005-11-01T00:00:00Z,2010-09-22T00:00:00Z,22043,99043,Grant (Parish),5078,,2023-03-18T13:22:03Z,e3446bd06acda474df7d54eb0c8d743066bf29e1,71009ca6-cf75-4325-97d7-cca2d36e774d,Grant,Grant,Grant Parish,Louisiana,31.5997,-92.5595,22185.0,5,10,42.3691389599
EM-3212-LA,3212,LA,EM,2005-08-27T00:00:00Z,2005,Hurricane,Hurricane Katrina,0,0,1,0,2005-08-26T00:00:00Z,2005-11-01T00:00:00Z,2010-09-22T00:00:00Z,22045,99045,Iberia (Parish),5078,,2023-03-18T13:22:03Z,5e9bf406fbfeee94f0fbcde33eb442780405ae08,93b5cf94-d6c5-4899-86a3-73ff049457b1,Iberia,Iberia,Iberia Parish,Louisiana,29.8967,-91.7308,69958.0,5,0,1.99206349206
EM-3212-LA,3212,LA,EM,2005-08-27T00:00:00Z,2005,Hurricane,Hurricane Katrina,0,0,1,0,2005-08-26T00:00:00Z,2005-11-01T00:00:00Z,2010-09-22T00:00:00Z,22047,99047,Iberville (Parish),5078,,2023-03-18T13:22:03Z,a2fb3e7f33fbb8b463a6e9e83ebaf887c14b21d4,9dba6193-45bf-4e93-9406-9f29aa272b10,Iberville,Iberville,Iberville Parish,Louisiana,30.2586,-91.3495,30210.0,2,1,2.52629233512
EM-3212-LA,3212,LA,EM,2005-08-27T00:00:00Z,2005,Hurricane,Hurricane Katrina,0,0,1,0,2005-08-26T00:00:00Z,2005-11-01T00:00:00Z,2010-09-22T00:00:00Z,22049,99049,Jackson (Parish),5078,,2023-03-18T13:22:03Z,ef319f122860f84b2331e6b12715cc8db7ed3877,62fbedb9-66a5-4b01-a1b0-afd332d931f2,Jackson,Jackson,Jackson Parish,Louisiana,32.302,-92.5578,15093.0,5,36,70.1060157791
EM-3212-LA,3212,LA,EM,2005-08-27T00:00:00Z,2005,Hurricane,Hurricane Katrina,0,0,1,0,2005-08-26T00:00:00Z,2005-11-01T00:00:00Z,2010-09-22T00:00:00Z,22051,99051,Jefferson (Parish),5078,,2023-03-18T13:22:03Z,890827c740b8b2cc5880463c693018a6fd88f731,9f6e53b9-22dc-43c6-aad3-44af87fd7a5b,Jefferson,Jefferson,Jefferson Parish,Louisiana,29.7882,-90.1276,436171.0,5,0,1.13787085515
EM-3212-LA,3212,LA,EM,2005-08-27T00:00:00Z,2005,Hurricane,Hurricane Katrina,0,0,1,0,2005-08-26T00:00:00Z,2005-11-01T00:00:00Z,2010-09-22T00:00:00Z,22053,99053,Jefferson Davis (Parish),5078,,2023-03-18T13:22:03Z,b2502e222436b72825f4b268400f38a56a9e50df,1107a562-8efa-4230-8d8d-a8966c707674,Jefferson Davis,Jefferson Davis,Jefferson Davis Parish,Louisiana,30.2677,-92.8141,32277.0,1,1,6.70600951146
EM-3212-LA,3212,LA,EM,2005-08-27T00:00:00Z,2005,Hurricane,Hurricane Katrina,0,0,1,0,2005-08-26T00:00:00Z,2005-11-01T00:00:00Z,2010-09-22T00:00:00Z,22057,99057,Lafourche (Parish),5078,,2023-03-18T13:22:03Z,f2b1a39904c9fe1c9c00cddc47810d344760026c,f5327e58-6ef8-4506-80f6-36895ada0f40,Lafourche,Lafourche,Lafourche Parish,Louisiana,29.5662,-90.4256,97220.0,1,0,1.0784703253
EM-3212-LA,3212,LA,EM,2005-08-27T00:00:00Z,2005,Hurricane,Hurricane Katrina,0,0,1,0,2005-08-26T00:00:00Z,2005-11-01T00:00:00Z,2010-09-22T00:00:00Z,22059,99059,La Salle (Parish),5078,,2023-03-18T13:22:03Z,0ba34059783c058e33e0f393305ad0eadfec0534,f4105b3b-1b32-406e-afce-167984b4978f,LaSalle,LaSalle,LaSalle Parish,Louisiana,31.6769,-92.1605,14764.0,3,6,38.3065915004
EM-3212-LA,3212,LA,EM,2005-08-27T00:00:00Z,2005,Hurricane,Hurricane Katrina,0,0,1,0,2005-08-26T00:00:00Z,2005-11-01T00:00:00Z,2010-09-22T00:00:00Z,22061,99061,Lincoln (Parish),5078,,2023-03-18T13:22:03Z,5d4e3da80064afda7672f13921cd3e905ad1a6b6,a391d361-d33a-46fa-99f3-c090b4d16344,Lincoln,Lincoln,Lincoln Parish,Louisiana,32.6016,-92.6649,48323.0,3,24,69.8618266979
EM-3212-LA,3212,LA,EM,2005-08-27T00:00:00Z,2005,Hurricane,Hurricane Katrina,0,0,1,0,2005-08-26T00:00:00Z,2005-11-01T00:00:00Z,2010-09-22T00:00:00Z,22063,99063,Livingston (Parish),5078,,2023-03-18T13:22:03Z,16ccc194c0e89feadeba13bcfedb1dd86ef4ca35,dbbdb591-2ba2-4a8a-b76f-8838714204f3,Livingston,Livingston,Livingston Parish,Louisiana,30.4401,-90.7279,143425.0,4,1,9.81947346427
EM-3212-LA,3212,LA,EM,2005-08-27T00:00:00Z,2005,Hurricane,Hurricane Katrina,0,0,1,0,2005-08-26T00:00:00Z,2005-11-01T00:00:00Z,2010-09-22T00:00:00Z,22065,99065,Madison (Parish),5078,,2023-03-18T13:22:03Z,e1149c8336ae70b113fd46e55e851df16017632c,904ba972-66b6-4e01-8507-9e87077cddfe,Madison,Madison,Madison Parish,Louisiana,32.3644,-91.2427,10028.0,2,13,21.9641255605
EM-3212-LA,3212,LA,EM,2005-08-27T00:00:00Z,2005,Hurricane,Hurricane Katrina,0,0,1,0,2005-08-26T00:00:00Z,2005-11-01T00:00:00Z,2010-09-22T00:00:00Z,22067,99067,Morehouse (Parish),5078,,2023-03-18T13:22:03Z,585843fe7f4ba1cc8db5da9397c145acc5b13796,9fdcf6e4-99d6-4c85-83e1-454738d4a5fd,Morehouse,Morehouse,Morehouse Parish,Louisiana,32.8202,-91.8018,25438.0,3,16,27.560318009
EM-3212-LA,3212,LA,EM,2005-08-27T00:00:00Z,2005,Hurricane,Hurricane Katrina,0,0,1,0,2005-08-26T00:00:00Z,2005-11-01T00:00:00Z,2010-09-22T00:00:00Z,22069,99069,Natchitoches (Parish),5078,,2023-03-18T13:22:03Z,d3516164fe5f8d5e59646b4cc2dffdbede3be067,8f5f8184-2662-4cb4-91f9-b5648c400b97,Natchitoches,Natchitoches,Natchitoches Parish,Louisiana,31.7234,-93.0962,37478.0,5,21,50.5803186908
EM-3212-LA,3212,LA,EM,2005-08-27T00:00:00Z,2005,Hurricane,Hurricane Katrina,0,0,1,0,2005-08-26T00:00:00Z,2005-11-01T00:00:00Z,2010-09-22T00:00:00Z,22071,99071,Orleans (Parish),5078,,2023-03-18T13:22:03Z,d0eca42b6669d74117f79d7e9b45c06d525cc723,33fb6dfb-947e-41ec-abc8-1cbea5abba17,Orleans,Orleans,Orleans Parish,Louisiana,30.0687,-89.9289,380408.0,4,0,1.00136798906
EM-3212-LA,3212,LA,EM,2005-08-27T00:00:00Z,2005,Hurricane,Hurricane Katrina,0,0,1,0,2005-08-26T00:00:00Z,2005-11-01T00:00:00Z,2010-09-22T00:00:00Z,22073,99073,Ouachita (Parish),5078,,2023-03-18T13:22:03Z,5f7bea139ecd426a1742e7aab0398b52f2736c1e,88a33bbb-37ae-4e28-92d3-fdf8bcc58671,Ouachita,Ouachita,Ouachita Parish,Louisiana,32.4784,-92.1549,159585.0,5,15,31.0603524229
EM-3212-LA,3212,LA,EM,2005-08-27T00:00:00Z,2005,Hurricane,Hurricane Katrina,0,0,1,0,2005-08-26T00:00:00Z,2005-11-01T00:00:00Z,2010-09-22T00:00:00Z,22075,99075,Plaquemines (Parish),5078,,2023-03-18T13:22:03Z,be87544160ccb461dbbdac221518f2308e165888,f783628e-6776-449a-8b97-9d66ec563168,Plaquemines,Plaquemines,Plaquemines Parish,Louisiana,29.4406,-89.61,23305.0,5,0,1.19133162247
EM-3212-LA,3212,LA,EM,2005-08-27T00:00:00Z,2005,Hurricane,Hurricane Katrina,0,0,1,0,2005-08-26T00:00:00Z,2005-11-01T00:00:00Z,2010-09-22T00:00:00Z,22077,99077,Pointe Coupee (Parish),5078,,2023-03-18T13:22:03Z,eccc0951cab691849fbefa9ead9101a1d899ec05,06264158-0c82-4e49-8a14-13ff24c28fb8,Pointe Coupee,Pointe Coupee,Pointe Coupee Parish,Louisiana,30.7095,-91.6008,20652.0,5,1,7.4018957346
EM-3212-LA,3212,LA,EM,2005-08-27T00:00:00Z,2005,Hurricane,Hurricane Katrina,0,0,1,0,2005-08-26T00:00:00Z,2005-11-01T00:00:00Z,2010-09-22T00:00:00Z,22079,99079,Rapides (Parish),5078,,2023-03-18T13:22:03Z,9cac2f4508f89cee6566aabdfcf29662d0770f0a,1312831a-95f7-4c3f-ab26-d10bc0d3d0f0,Rapides,Rapides,Rapides Parish,Louisiana,31.1986,-92.5332,129536.0,4,9,36.1350616768
EM-3212-LA,3212,LA,EM,2005-08-27T00:00:00Z,2005,Hurricane,Hurricane Katrina,0,0,1,0,2005-08-26T00:00:00Z,2005-11-01T00:00:00Z,2010-09-22T00:00:00Z,22081,99081,Red River (Parish),5078,,2023-03-18T13:22:03Z,35669d4a25212f3aaab90ca7c5d8f8a59899f468,0cb3b728-7137-4162-9aa7-141994c7ea3b,Red River,Red River,Red River Parish,Louisiana,32.0931,-93.3398,7631.0,5,30,49.1599722992
EM-3212-LA,3212,LA,EM,2005-08-27T00:00:00Z,2005,Hurricane,Hurricane Katrina,0,0,1,0,2005-08-26T00:00:00Z,2005-11-01T00:00:00Z,2010-09-22T00:00:00Z,22083,99083,Richland (Parish),5078,,2023-03-18T13:22:03Z,d679fb14b395145f4d8dc81c75f92ba23a920108,677d363d-971a-4b6f-91a5-2c1e7ec6ad7f,Richland,Richland,Richland Parish,Louisiana,32.4178,-91.7635,20028.0,3,15,21.5497017893
EM-3212-LA,3212,LA,EM,2005-08-27T00:00:00Z,2005,Hurricane,Hurricane Katrina,0,0,1,0,2005-08-26T00:00:00Z,2005-11-01T00:00:00Z,2010-09-22T00:00:00Z,22085,99085,Sabine (Parish),5078,,2023-03-18T13:22:03Z,dee16b0a051b3de7cfcaac5faad9a3ee9a923eab,ccc928e0-5495-4745-a030-8a61a1caf540,Sabine,Sabine,Sabine Parish,Louisiana,31.564,-93.5547,22209.0,0,30,77.3894028595
EM-3212-LA,3212,LA,EM,2005-08-27T00:00:00Z,2005,Hurricane,Hurricane Katrina,0,0,1,0,2005-08-26T00:00:00Z,2005-11-01T00:00:00Z,2010-09-22T00:00:00Z,22087,99087,St. Bernard (Parish),5078,,2023-03-18T13:22:03Z,106e75fd1608a24f5206144df3b709089e84c707,5dc3916b-3540-4b0c-901b-bd9ef991425d,St. Bernard,St. Bernard,St. Bernard Parish,Louisiana,29.8691,-89.5549,44038.0,4,0,0.9926168991
EM-3212-LA,3212,LA,EM,2005-08-27T00:00:00Z,2005,Hurricane,Hurricane Katrina,0,0,1,0,2005-08-26T00:00:00Z,2005-11-01T00:00:00Z,2010-09-22T00:00:00Z,22089,99089,St. Charles (Parish),5078,,2023-03-18T13:22:03Z,e690fdad33833e301a25bcbce90a6214c9ddf036,99873337-945a-422a-8d38-9c920d242660,St. Charles,St. Charles,St. Charles Parish,Louisiana,29.9055,-90.3582,52191.0,3,0,1.21202775636
EM-3212-LA,3212,LA,EM,2005-08-27T00:00:00Z,2005,Hurricane,Hurricane Katrina,0,0,1,0,2005-08-26T00:00:00Z,2005-11-01T00:00:00Z,2010-09-22T00:00:00Z,22091,99091,St. Helena (Parish),5078,,2023-03-18T13:22:03Z,839763a676e8caec3527275ebdd6daa56c1d0430,efb1c18f-35e2-461e-bf4e-9b0072af3a52,St. Helena,St. Helena,St. Helena Parish,Louisiana,30.822,-90.7103,10872.0,1,27,63.9951923077
EM-3212-LA,3212,LA,EM,2005-08-27T00:00:00Z,2005,Hurricane,Hurricane Katrina,0,0,1,0,2005-08-26T00:00:00Z,2005-11-01T00:00:00Z,2010-09-22T00:00:00Z,22093,99093,St. James (Parish),5078,,2023-03-18T13:22:03Z,e9397b5dac124688fecfaf715de8b924f0fec402,783d630a-0410-4e8e-9652-9490a37abd94,St. James,St. James,St. James Parish,Louisiana,30.027,-90.7931,20090.0,0,1,1.91299303944
EM-3212-LA,3212,LA,EM,2005-08-27T00:00:00Z,2005,Hurricane,Hurricane Katrina,0,0,1,0,2005-08-26T00:00:00Z,2005-11-01T00:00:00Z,2010-09-22T00:00:00Z,22095,99095,St. John the Baptist (Parish),5078,,2023-03-18T13:22:03Z,e245ed2d8bb8b8c892b4df98f0cf1dec19cee32a,29381c43-2df5-4dc3-913a-7088d3fbf154,St. John the Baptist,St. John the Baptist,St. John the Baptist Parish,Louisiana,30.1264,-90.4709,41986.0,2,0,1.36558139535
EM-3212-LA,3212,LA,EM,2005-08-27T00:00:00Z,2005,Hurricane,Hurricane Katrina,0,0,1,0,2005-08-26T00:00:00Z,2005-11-01T00:00:00Z,2010-09-22T00:00:00Z,22097,99097,St. Landry (Parish),5078,,2023-03-18T13:22:03Z,5a35344c0f13f0fed744a515909213e89107a0a6,9013f22c-0c1b-4633-913e-9e4d93307e3a,St. Landry,St. Landry,St. Landry Parish,Louisiana,30.5989,-92.0058,82574.0,4,1,10.285757853
EM-3212-LA,3212,LA,EM,2005-08-27T00:00:00Z,2005,Hurricane,Hurricane Katrina,0,0,1,0,2005-08-26T00:00:00Z,2005-11-01T00:00:00Z,2010-09-22T00:00:00Z,22099,99099,St. Martin (Parish),5078,,2023-03-18T13:22:03Z,dc04c32c2bb7dfe1b48230232f63b2d493b9199c,76101025-38b1-4d22-9d11-7926e1d88d22,St. Martin,St. Martin,St. Martin Parish,Louisiana,30.1291,-91.6083,51856.0,3,1,2.47305389222
EM-3212-LA,3212,LA,EM,2005-08-27T00:00:00Z,2005,Hurricane,Hurricane Katrina,0,0,1,0,2005-08-26T00:00:00Z,2005-11-01T00:00:00Z,2010-09-22T00:00:00Z,22101,99101,St. Mary (Parish),5078,,2023-03-18T13:22:03Z,c9a42cb33338ea4f9cd6d5fdb86939d09a535ec3,41eba142-0f48-44e4-bbd3-b85b3212a49b,St. Mary,St. Mary,St. Mary Parish,Louisiana,29.7207,-91.4486,49114.0,3,0,1.1754910333
EM-3212-LA,3212,LA,EM,2005-08-27T00:00:00Z,2005,Hurricane,Hurricane Katrina,0,0,1,0,2005-08-26T00:00:00Z,2005-11-01T00:00:00Z,2010-09-22T00:00:00Z,22103,99103,St. Tammany (Parish),5078,,2023-03-18T13:22:03Z,22fc45f3765b95514438048ec41a4668f3c2cc0e,8ae751f5-3cd7-4404-bc3c-9797c2bfcc12,St. Tammany,St. Tammany,St. Tammany Parish,Louisiana,30.4103,-89.9584,266168.0,1,0,14.4833389431
EM-3212-LA,3212,LA,EM,2005-08-27T00:00:00Z,2005,Hurricane,Hurricane Katrina,0,0,1,0,2005-08-26T00:00:00Z,2005-11-01T00:00:00Z,2010-09-22T00:00:00Z,22105,99105,Tangipahoa (Parish),5078,,2023-03-18T13:22:03Z,0566bff4fe38b2e4077bfe26370ef58d18d279fc,cafe8d45-6785-465e-b929-e6253b717c59,Tangipahoa,Tangipahoa,Tangipahoa Parish,Louisiana,30.6266,-90.4057,133953.0,2,1,35.9010079194
EM-3212-LA,3212,LA,EM,2005-08-27T00:00:00Z,2005,Hurricane,Hurricane Katrina,0,0,1,0,2005-08-26T00:00:00Z,2005-11-01T00:00:00Z,2010-09-22T00:00:00Z,22107,99107,Tensas (Parish),5078,,2023-03-18T13:22:03Z,707474489c88f0a051d1ac390c7e378b0a4d059c,5d4cdee2-1c8e-4dfc-96c1-26c24d98129d,Tensas,Tensas,Tensas Parish,Louisiana,32.0019,-91.3401,4127.0,2,8,18.4978503869
EM-3212-LA,3212,LA,EM,2005-08-27T00:00:00Z,2005,Hurricane,Hurricane Katrina,0,0,1,0,2005-08-26T00:00:00Z,2005-11-01T00:00:00Z,2010-09-22T00:00:00Z,22109,99109,Terrebonne (Parish),5078,,2023-03-18T13:22:03Z,0816a8d45aa3ecb597235e4fc7fc6fd964fd5890,a3956e1a-86f6-4b4d-acc2-c5b7326544dc,Terrebonne,Terrebonne,Terrebonne Parish,Louisiana,29.4148,-90.8663,108862.0,5,0,1.0336978353
EM-3212-LA,3212,LA,EM,2005-08-27T00:00:00Z,2005,Hurricane,Hurricane Katrina,0,0,1,0,2005-08-26T00:00:00Z,2005-11-01T00:00:00Z,2010-09-22T00:00:00Z,22111,99111,Union (Parish),5078,,2023-03-18T13:22:03Z,a3ceecbbee5fdfe1233c7ee7cd9c3681d0ea7222,8ec68b46-4124-472f-882b-08a793783cbc,Union,Union,Union Parish,Louisiana,32.8318,-92.3748,21049.0,3,15,45.1868781095
EM-3212-LA,3212,LA,EM,2005-08-27T00:00:00Z,2005,Hurricane,Hurricane Katrina,0,0,1,0,2005-08-26T00:00:00Z,2005-11-01T00:00:00Z,2010-09-22T00:00:00Z,22113,99113,Vermilion (Parish),5078,,2023-03-18T13:22:03Z,4f88e2aefd668b4b6236a9d00ecc53fb21ccd968,6153d597-141b-4fec-b769-608687054ccb,Vermilion,Vermilion,Vermilion Parish,Louisiana,29.8465,-92.3242,57202.0,2,0,1.86736280826
EM-3212-LA,3212,LA,EM,2005-08-27T00:00:00Z,2005,Hurricane,Hurricane Katrina,0,0,1,0,2005-08-26T00:00:00Z,2005-11-01T00:00:00Z,2010-09-22T00:00:00Z,22115,99115,Vernon (Parish),5078,,2023-03-18T13:22:03Z,03771b8fae8c4f94ed29931e4d13892ea6fa5e0b,1bdb1f3c-1b97-4141-a217-34834882c012,Vernon,Vernon,Vernon Parish,Louisiana,31.1083,-93.1843,48452.0,5,21,76.5596561124
EM-3212-LA,3212,LA,EM,2005-08-27T00:00:00Z,2005,Hurricane,Hurricane Katrina,0,0,1,0,2005-08-26T00:00:00Z,2005-11-01T00:00:00Z,2010-09-22T00:00:00Z,22117,99117,Washington (Parish),5078,,2023-03-18T13:22:03Z,b0e810ffbf7ef347e31aac264c284371a4fc0393,9ae2c9ed-8a6f-4c15-83db-7398f67d4c20,Washington,Washington,Washington Parish,Louisiana,30.8533,-90.0405,45514.0,0,12,62.193843594
EM-3212-LA,3212,LA,EM,2005-08-27T00:00:00Z,2005,Hurricane,Hurricane Katrina,0,0,1,0,2005-08-26T00:00:00Z,2005-11-01T00:00:00Z,2010-09-22T00:00:00Z,22119,99119,Webster (Parish),5078,,2023-03-18T13:22:03Z,7feed9860a3cc5a51cb7ccd21c88896b1aac5da8,8daf5b8a-3d26-4bd3-b6d2-51c5b0a00ba5,Webster,Webster,Webster Parish,Louisiana,32.7135,-93.335,36761.0,4,42,69.6335460346
EM-3212-LA,3212,LA,EM,2005-08-27T00:00:00Z,2005,Hurricane,Hurricane Katrina,0,0,1,0,2005-08-26T00:00:00Z,2005-11-01T00:00:00Z,2010-09-22T00:00:00Z,22121,99121,West Baton Rouge (Parish),5078,,2023-03-18T13:22:03Z,27fc7c9fcf51d81a33200505443ede84b912e927,c806473a-3914-4356-8bb7-094f74b27f51,West Baton Rouge,West Baton Rouge,West Baton Rouge Parish,Louisiana,30.4636,-91.3127,27377.0,2,1,4.59169054441
EM-3212-LA,3212,LA,EM,2005-08-27T00:00:00Z,2005,Hurricane,Hurricane Katrina,0,0,1,0,2005-08-26T00:00:00Z,2005-11-01T00:00:00Z,2010-09-22T00:00:00Z,22123,99123,West Carroll (Parish),5078,,2023-03-18T13:22:03Z,c40b2d15451d44ec98d9f7bb37208d7303f735b9,3443f713-e0df-4df9-bbc7-714e6b7958df,West Carroll,West Carroll,West Carroll Parish,Louisiana,32.7885,-91.4568,9800.0,2,22,29.0823170732
EM-3212-LA,3212,LA,EM,2005-08-27T00:00:00Z,2005,Hurricane,Hurricane Katrina,0,0,1,0,2005-08-26T00:00:00Z,2005-11-01T00:00:00Z,2010-09-22T00:00:00Z,22125,99125,West Feliciana (Parish),5078,,2023-03-18T13:22:03Z,d61c4a41fdd17bb7136093162ecab0f196aa19d3,9e426f69-33d3-4960-9a61-ebc0dac723dc,West Feliciana,West Feliciana,West Feliciana Parish,Louisiana,30.8798,-91.42,15358.0,4,1,41.8532974428
EM-3212-LA,3212,LA,EM,2005-08-27T00:00:00Z,2005,Hurricane,Hurricane Katrina,0,0,1,0,2005-08-26T00:00:00Z,2005-11-01T00:00:00Z,2010-09-22T00:00:00Z,22127,99127,Winn (Parish),5078,,2023-03-18T13:22:03Z,c86da0fe7bb6bd7cb433916ec5f6e93d871291aa,b9ead404-724e-4170-bfda-5c3e4310b1d1,Winn,Winn,Winn Parish,Louisiana,31.9442,-92.6369,13665.0,0,18,50.2259009669
